{"Abu Dhabi": "AUH", "AUH": "Abu Dhabi", "Albuquerque": "ABQ", "ABQ": "Albuquerque", "Amsterdam": "AMS", "AMS": "Amsterdam", "Anchorage": "ANC", "ANC": "Anchorage", "Antalya": "AYT", "AYT": "Antalya", "Aspen": "ASE", "ASE": "Aspen", "Athens": "ATH", "ATH": "Athens", "Atlanta": "ATL", "ATL": "Atlanta", "Austin": "AUS", "AUS": "Austin", "Bali": "DPS", "DPS": "Bali", "Baltimore": "BWI", "BWI": "Baltimore", "Bangalore": "BLR", "BLR": "Bangalore", "Bangkok": "BKK", "BKK": "Bangkok", "Barcelona": "BCN", "BCN": "Barcelona", "Beijing": "PEK", "PEK": "Beijing", "Berlin": "BER", "TXL": "Berlin", "BER": "Berlin", "Bogota": "BOG", "BOG": "Bogota", "Bora Bora": "BOB", "BOB": "Bora Bora", "Boston": "BOS", "BOS": "Boston", "Brisbane": "BNE", "BNE": "Brisbane", "Brussels": "BRU", "BRU": "Brussels", "Buffalo": "BUF", "BUF": "Buffalo", "Burbank": "BUR", "BUR": "Burbank", "Cairo": "CAI", "CAI": "Cairo", "Cancun": "CUN", "CUN": "Cancun", "Cape Town": "CPT", "CPT": "Cape Town", "Changcha": "CGQ", "CGQ": "Changcha", "Charlotte": "CLT", "CLT": "Charlotte", "Chengdu": "CTU", "CTU": "Chengdu", "Chicago": "ORD", "ORD": "Chicago", "Chongqing": "CKG", "CKG": "Chongqing", "Cincinnati": "CVG", "CVG": "Cincinnati", "Cleveland": "CLE", "CLE": "Cleveland", "Columbus": "CSG", "CSG": "Columbus", "Copenhagen": "CPH", "CPH": "Copenhagen", "Dallas (DAL)": "DAL", "DAL": "Dallas (DAL)", "Dallas (DFW)": "DFW", "DFW": "Dallas (DFW)", "Delhi": "DEL", "DEL": "Delhi", "Denver": "DEN", "DEN": "Denver", "Detroit (DET)": "DET", "DET": "Detroit (DET)", "Detroit (DTW)": "DTW", "DTW": "Detroit (DTW)", "Detroit (DTT)": "DTT", "DTT": "Detroit (DTT)", "Doha": "DOH", "DOH": "Doha", "Dubai": "DXB", "DXB": "Dubai", "Dublin": "DUB", "DUB": "Dublin", "Duesseldorf": "DUS", "DUS": "Duesseldorf", "Florence": "FLR", "FLR": "Florence", "Fort Lauderdale": "FLL", "FLL": "Fort Lauderdale", "Fort Myers": "RSW", "RSW": "Fort Myers", "Frankfurt": "FRA", "FRA": "Frankfurt", "Fukuoka": "FUK", "FUK": "Fukuoka", "Guangzhou": "CAN", "CAN": "Guangzhou", "Hangzhou": "HGH", "HGH": "Hangzhou", "Hartford": "BDL", "BDL": "Hartford", "Ho Chi Minh City": "SGN", "SGN": "Ho Chi Minh City", "Hong Kong": "HKG", "HKG": "Hong Kong", "Honolulu": "HNL", "HNL": "Honolulu", "Houston": "IAH", "IAH": "Houston", "Indianapolis": "IND", "IND": "Indianapolis", "Istanbul": "IST", "IST": "Istanbul", "Jacksonville": "JAX", "JAX": "Jacksonville", "Jakarta": "CGK", "CGK": "Jakarta", "Jeddah": "JED", "JED": "Jeddah", "Kahului": "OGG", "OGG": "Kahului", "Kansas City": "MCI", "MCI": "Kansas City", "Kuala Lumpur": "KUL", "KUL": "Kuala Lumpur", "Las Vegas": "LAS", "LAS": "Las Vegas", "Lisbon": "LIS", "LIS": "Lisbon", "London (LHR)": "LHR", "LHR": "London (LHR)", "London (LGW)": "LGW", "LGW": "London (LGW)", "London (LTN)": "LTN", "LTN": "London (LTN)", "London (STN)": "STN", "STN": "London (STN)", "Los Angeles": "LAX", "LAX": "Los Angeles", "Madrid": "MAD", "MAD": "Madrid", "Maldives": "MLE", "MLE": "Maldives", "Manchester": "MAN", "MAN": "Manchester", "Manila": "MNL", "MNL": "Manila", "Melbourne": "MEL", "MEL": "Melbourne", "Mexico City": "MEX", "MEX": "Mexico City", "Miami": "MIA", "MIA": "Miami", "Milan": "MXP", "MXP": "Milan", "Milwaukee": "MKE", "MKE": "Milwaukee", "Minneapolis": "MSP", "MSP": "Minneapolis", "Moscow (MOW)": "MOW", "MOW": "Moscow (MOW)", "Moscow (DME)": "DME", "DME": "Moscow (DME)", "Moscow (SVO)": "SVO", "SVO": "Moscow (SVO)", "Moscow (VKO)": "VKO", "VKO": "Moscow (VKO)", "Mumbai": "BOM", "BOM": "Mumbai", "Munich": "MUC", "MUC": "Munich", "Nanjing": "NKG", "NKG": "Nanjing", "Nashville": "BNA", "BNA": "Nashville", "New Orleans": "MSY", "MSY": "New Orleans", "New York (LGA)": "LGA", "LGA": "New York (LGA)", "New York (JFK)": "JFK", "JFK": "New York (JFK)", "Newark": "EWR", "EWR": "Newark", "Oakland": "OAK", "OAK": "Oakland", "Omaha": "OMA", "OMA": "Omaha", "Ontario": "ONT", "ONT": "Ontario", "Orange County": "SNA", "SNA": "Orange County", "Orlando": "MCO", "MCO": "Orlando", "Osaka": "KIX", "KIX": "Osaka", "Oslo": "OSL", "OSL": "Oslo", "Palma de Mallorca": "PMI", "PMI": "Palma de Mallorca", "Paris": "CDG", "CDG": "Paris", "Philadelphia": "PHL", "PHL": "Philadelphia", "Phoenix": "PHX", "PHX": "Phoenix", "Pittsburgh": "PIT", "PIT": "Pittsburgh", "Portland": "PDX", "PDX": "Portland", "Qingdao": "TAO", "TAO": "Qingdao", "Raleigh": "RDU", "RDU": "Raleigh", "Riyadh": "RUH", "RUH": "Riyadh", "Rome (FCO)": "FCO", "FCO": "Rome (FCO)", "Rome (CIA)": "CIA", "CIA": "Rome (CIA)", "Sacramento": "SMF", "SMF": "Sacramento", "Salt Lake City": "SLC", "SLC": "Salt Lake City", "San Antonio": "SJT", "SJT": "San Antonio", "San Diego": "SAN", "SAN": "San Diego", "San Francisco": "SFO", "SFO": "San Francisco", "San Jose": "SJC", "SJC": "San Jose", "San Juan": "SJU", "SJU": "San Juan", "Sao Paulo": "SAO", "SAO": "Sao Paulo", "Seattle": "SEA", "SEA": "Seattle", "Seoul": "ICN", "ICN": "Seoul", "Shanghai": "PVG", "PVG": "Shanghai", "Shenzhen": "SZX", "SZX": "Shenzhen", "Singapore": "SIN", "SIN": "Singapore", "St. Louis": "STL", "STL": "St. Louis", "Stockholm": "ARN", "ARN": "Stockholm", "Sydney": "SYD", "SYD": "Sydney", "Taipei": "TPE", "TPE": "Taipei", "Tampa": "TPA", "TPA": "Tampa", "Tokyo": "NRT", "HND": "Tokyo", "NRT": "Tokyo", "Toronto": "YYZ", "YYZ": "Toronto", "Vancouver": "YVR", "YVR": "Vancouver", "Vienna": "VIE", "VIE": "Vienna", "Washington DC (IAD)": "IAD", "IAD": "Washington DC (IAD)", "Washington DC (DCA)": "DCA", "DCA": "Washington DC (DCA)", "West Palm Beach": "PBI", "PBI": "West Palm Beach", "Wuhan": "WUH", "WUH": "Wuhan", "Xi'an": "XIY", "XIY": "Xi'an", "Xiamen": "XMN", "XMN": "Xiamen", "Zurich": "ZRH", "ZRH": "Zurich", "Montreal": "YUL", "YUL": "Montreal", "Daytona Beach": "DAB", "DAB": "Daytona Beach", "Maputo": "MPM", "MPM": "Maputo"}